"bbref_id","height","weight"
"abdursh01",80.46875,225
"abrinal01",77.34375,200
"ackeral01",76.5625,185
"acyqu01",78.515625,240
"adamsha01",75.390625,220
"adamsja01",73.4375,190
"adamsjo01",76.5625,209
"adamsst01",83.203125,265
"adebaba01",81.25,255
"adelde01",78.515625,200
"adrieje01",78.515625,245
"afflaar01",76.5625,210
"agerma01",76.5625,202
"ahearbl01",73.4375,190
"ajincal01",85.15625,248
"akognjo01",70.3125,185
"akoonde01",77.34375,200
"alabiso01",84.375,251
"aldemfu01",81.25,240
"aldrico01",82.421875,250
"aldrila01",82.421875,260
"alexacl01",79.296875,245
"alexaco01",72.265625,185
"alexajo01",79.296875,230
"alkinra01",76.5625,225
"allengr01",76.5625,198
"allenja01",82.421875,237
"allenka01",74.21875,192
"allenla01",80.46875,260
"allenma01",81.25,255
"allenra02",76.5625,205
"allento01",75.390625,213
"allrela01",82.421875,250
"almonmo01",77.34375,225
"alstora01",73.4375,171
"aminual01",80.46875,220
"amundlo01",80.46875,220
"anderal01",77.34375,220
"anderan02",77.34375,215
"anderch01",81.25,245
"anderda03",82.421875,245
"anderde01",76.5625,194
"anderja01",77.34375,213
"anderju01",77.34375,230
"anderke01",71.484375,168
"anderky01",80.46875,230
"anderry01",81.25,240
"andersh01",77.34375,208
"andrima01",85.15625,240
"anigbik01",81.25,250
"antetgi01",82.421875,242
"antetko01",81.25,200
"antetth01",78.515625,205
"anthoca01",79.296875,240
"anthojo01",80.46875,245
"anticpe01",82.421875,260
"anunoog01",79.296875,232
"applike01",72.265625,185
"araujra01",82.421875,280
"arcidry01",74.21875,200
"arenagi01",74.21875,191
"arizatr01",79.296875,215
"armstda01",71.484375,170
"armsthi01",82.421875,235
"arroyca01",73.4375,202
"artesro01",77.34375,260
"arthuda01",80.46875,235
"artisja01",78.515625,213
"asikom01",83.203125,255
"atkinch01",70.3125,160
"augmost01",79.296875,205
"augusdj01",71.484375,183
"augusja01",81.25,235
"ayongu01",81.25,250
"aytonde01",84.375,250
"azubuke01",76.5625,220
"babbch01",76.5625,225
"babbilu01",80.46875,225
"bacondw01",78.515625,221
"baglema01",82.421875,234
"bairsca01",80.46875,250
"bakerma01",72.265625,175
"bakerro01",75.390625,220
"bakervi01",82.421875,232
"baldwwa01",75.390625,200
"balkmre01",79.296875,208
"balllo01",77.34375,190
"bambamo01",83.203125,221
"banksma01",73.4375,200
"barbole01",74.21875,194
"bareajo01",71.484375,185
"bargnan01",83.203125,245
"barneha02",79.296875,225
"barnema02",78.515625,226
"barrean01",69.53125,172
"barroea01",83.203125,250
"barrybr01",77.34375,185
"barryjo01",75.390625,195
"bartowi01",77.34375,190
"basdeed01",76.5625,215
"bassbr01",79.296875,250
"bastoma01",80.46875,215
"bateske01",80.46875,229
"batises01",81.25,270
"battish01",79.296875,220
"battito01",82.421875,230
"batumni01",79.296875,200
"baxtelo01",79.296875,260
"bayleje01",74.21875,200
"baynear01",81.25,260
"bazemke01",76.5625,201
"bealbr01",76.5625,207
"beaslma01",76.5625,195
"beaslmi01",80.46875,235
"beaubro01",71.484375,170
"belinma01",76.5625,210
"bellch01",74.21875,200
"belljo01",80.46875,224
"bellra01",76.5625,204
"bembrde01",77.34375,210
"bendedr01",84.375,225
"bendejo01",82.421875,202
"benimje01",79.296875,245
"bennean01",79.296875,245
"bensoke02",82.421875,240
"bentibe01",80.46875,235
"bertada01",81.25,225
"bertada02",75.390625,200
"besttr01",70.3125,182
"beverpa01",72.265625,185
"bhullsi01",88.28125,360
"bibbymi01",72.265625,190
"biedran01",82.421875,240
"billuch01",74.21875,202
"birchkh01",80.46875,233
"birdja01",77.34375,198
"biyombi01",80.46875,255
"bjeline01",81.25,234
"blackta01",80.46875,250
"blairde01",78.515625,270
"blakean01",75.390625,192
"blakest01",74.21875,172
"blalowi01",71.484375,205
"blatcan01",82.421875,235
"bledser01",72.265625,205
"blossja01",78.515625,220
"blounma01",83.203125,230
"blueva01",75.390625,200
"bobbito01",75.390625,190
"boganke01",76.5625,215
"bogdabo01",77.34375,205
"bogdabo02",79.296875,216
"bogutan01",83.203125,260
"boldejo01",81.25,220
"bolomjo01",80.46875,235
"bongais01",79.296875,180
"bonnema01",81.25,235
"bookede01",77.34375,210
"booketr01",79.296875,228
"boonejo01",81.25,237
"boothca01",82.421875,230
"boozeca01",80.46875,258
"borchcu01",83.203125,240
"boshch01",82.421875,235
"bouchch01",81.25,200
"bowenbr01",78.515625,185
"bowenry01",78.515625,215
"boykiea01",64.453125,135
"bozemce01",77.34375,207
"brackcr01",81.25,230
"bradlav01",73.4375,180
"bradlmi01",81.25,245
"bradlsh01",89.453125,235
"bradlto01",81.25,248
"braggto01",79.296875,245
"brandel01",79.296875,275
"breweco01",80.46875,186
"breweja01",75.390625,184
"brewero02",78.515625,220
"brezepr01",85.15625,252
"bridgmi01",78.515625,210
"bridgmi02",78.515625,225
"briscis01",74.21875,215
"brockjo01",78.515625,255
"broekry01",78.515625,215
"brogdma01",76.5625,229
"brookaa01",71.484375,161
"brookdi01",77.34375,220
"brookma01",76.5625,200
"brownan01",80.46875,245
"brownan02",78.515625,210
"brownbo02",73.4375,175
"brownbr01",76.5625,202
"brownda02",80.46875,200
"brownde02",76.5625,220
"brownde03",71.484375,185
"brownde04",78.515625,225
"brownja01",75.390625,215
"brownja02",78.515625,220
"brownke01",78.515625,222
"brownkw01",82.421875,270
"brownlo01",76.5625,189
"brownma02",74.21875,190
"brownpj01",82.421875,225
"brownsh01",75.390625,205
"brownst02",77.34375,232
"brownti01",73.4375,189
"browntr01",78.515625,215
"brunsja01",74.21875,190
"brunsri01",75.390625,190
"brussni01",78.515625,195
"bryanko01",77.34375,212
"bryanth01",82.421875,248
"buckngr01",75.390625,210
"budinch01",78.515625,209
"buforro01",76.5625,189
"bullore01",78.515625,205
"burkepa01",82.421875,250
"burketr01",72.265625,175
"burksal01",77.34375,214
"burksan01",72.265625,200
"burleke01",74.21875,205
"burtode02",76.5625,245
"butleca01",78.515625,228
"butleja01",81.25,250
"butleji01",79.296875,232
"butlera01",78.515625,215
"buyckdw01",74.21875,190
"byarsde01",78.515625,220
"bynuman01",83.203125,285
"bynumwi01",71.484375,185
"cabarza01",82.421875,235
"cabocbr01",80.46875,218
"calatni01",77.34375,213
"caldejo01",74.21875,200
"caldwke01",76.5625,205
"cambyma01",82.421875,220
"campbel01",82.421875,215
"canaais01",71.484375,201
"capelca01",81.25,240
"caracde01",80.46875,275
"cardibr01",79.296875,245
"carlige01",74.21875,180
"carnero01",78.515625,205
"carrode01",79.296875,215
"carroma01",77.34375,212
"cartean01",72.265625,190
"carteje01",73.4375,196
"cartemi01",77.34375,190
"cartevi01",77.34375,220
"cartewe01",81.25,255
"carusal01",76.5625,186
"cassesa01",74.21875,185
"casspom01",80.46875,225
"catoke01",82.421875,255
"caulewi01",83.203125,240
"caupatr01",75.390625,210
"cavanty01",80.46875,238
"chalmli01",71.484375,180
"chalmma01",73.4375,190
"chandty01",84.375,240
"chandwi01",80.46875,225
"chealjo01",74.21875,190
"cheanca01",78.515625,209
"cherrwi01",71.484375,185
"childjo01",79.296875,210
"chiozch01",71.484375,176
"chrisdi01",76.5625,205
"chrisdo01",77.34375,200
"chrisma01",81.25,240
"chrispa01",76.5625,209
"chrisra01",80.46875,250
"chrisse01",74.21875,190
"clarkco01",78.515625,232
"clarkea01",81.25,225
"clarkga01",79.296875,225
"clarkia01",74.21875,175
"clarkjo01",76.5625,194
"clavegi01",75.390625,185
"clavevi01",80.46875,224
"claxtsp01",70.3125,166
"cleavma01",73.4375,205
"clevean01",77.34375,195
"colemde01",81.25,230
"coleno01",73.4375,175
"collida01",71.484375,175
"collija02",83.203125,260
"collija03",82.421875,255
"collija04",83.203125,255
"collijo01",81.25,235
"colliky01",77.34375,210
"collima01",77.34375,220
"collini01",81.25,255
"collish01",70.3125,205
"colliza01",83.203125,235
"colsobo01",77.34375,224
"conlemi01",72.265625,175
"connapa01",75.390625,209
"conrowi01",73.4375,195
"cookbr01",80.46875,234
"cookda02",76.5625,205
"cookech01",76.5625,196
"cookom01",72.265625,190
"cookqu01",73.4375,179
"cooleja01",80.46875,260
"copelch01",80.46875,239
"costema01",80.46875,245
"cottobr01",72.265625,165
"couside01",82.421875,270
"cousima01",82.421875,245
"covinro01",80.46875,225
"crabbal01",77.34375,212
"craigto01",78.515625,215
"crawfja01",76.5625,185
"crawfjo01",76.5625,210
"crawfjo02",75.390625,195
"creekmi01",76.5625,216
"crittja01",76.5625,200
"croshau01",80.46875,235
"crowdja01",77.34375,235
"cunnida01",79.296875,230
"cunnija01",75.390625,195
"curryed01",83.203125,295
"curryja01",74.21875,190
"currymi01",76.5625,210
"curryse01",73.4375,185
"curryst01",74.21875,190
"dalemsa01",82.421875,255
"dampier01",82.421875,265
"daniean01",75.390625,195
"danieer01",79.296875,214
"daniema01",77.34375,200
"danietr01",75.390625,205
"datomlu01",79.296875,215
"davidje01",81.25,230
"daviebr01",81.25,240
"davisan01",80.46875,215
"davisan02",81.25,253
"davisba01",74.21875,209
"davisda01",82.421875,230
"davisde01",82.421875,237
"davised01",81.25,225
"davisgl01",80.46875,289
"davisjo02",79.296875,235
"davispa01",82.421875,270
"davisri01",77.34375,195
"davisty01",81.25,266
"dawkian01",76.5625,215
"dawsobr01",77.34375,225
"dawsoer01",80.46875,250
"dayeau01",82.421875,220
"declean01",81.25,230
"decolna01",76.5625,200
"dedmode01",83.203125,245
"dejeabr01",77.34375,209
"dekkesa01",80.46875,230
"delanma01",74.21875,190
"delfica01",77.34375,230
"delgaan01",81.25,245
"delkto01",72.265625,189
"dellama01",75.390625,200
"denglu01",80.46875,237
"dentmju01",70.3125,185
"derozde01",78.515625,220
"derrima01",78.515625,249
"diallch01",80.46875,220
"diallha01",76.5625,198
"diawaya01",78.515625,225
"diawbo01",79.296875,250
"diazgu01",73.4375,192
"dickada01",71.484375,190
"dickeka01",79.296875,215
"dienetr01",72.265625,175
"dienggo01",82.421875,252
"dinwisp01",77.34375,210
"dioguik01",79.296875,250
"diopde01",83.203125,300
"divacvl01",84.375,243
"divindo01",75.390625,203
"dixonju01",74.21875,164
"doleami01",82.421875,262
"doncilu01",78.515625,218
"doolike01",74.21875,196
"dorsejo01",79.296875,268
"dorsety01",76.5625,183
"dotsoda01",77.34375,210
"doubyqu01",74.21875,175
"douglch01",78.515625,200
"douglto01",73.4375,195
"dowdeza01",74.21875,191
"doylemi01",75.390625,185
"doziepj01",77.34375,205
"dragigo01",74.21875,190
"dragizo01",76.5625,200
"drewla02",73.4375,180
"drobnpr01",82.421875,270
"drumman01",82.421875,279
"dudleja01",78.515625,237
"duhonch01",72.265625,185
"dukandu01",80.46875,220
"duncati01",82.421875,250
"dunlemi02",80.46875,230
"dunnkr01",75.390625,205
"duprero01",78.515625,209
"duranke01",80.46875,240
"duvaltr01",73.4375,189
"dysonje01",74.21875,180
"earlycl01",79.296875,210
"ebankde01",80.46875,215
"ebind01",80.46875,200
"eddieja01",78.515625,218
"edwarco01",80.46875,275
"edwarjo01",83.203125,275
"edwarsh01",78.515625,220
"edwarvi01",79.296875,225
"eisleho01",73.4375,177
"ekeziob01",80.46875,270
"ellenhe01",82.421875,245
"ellinwa01",76.5625,200
"ellismo01",74.21875,185
"elsonfr01",83.203125,235
"elyme01",81.25,260
"embiijo01",83.203125,250
"emmetan01",76.5625,230
"engliki01",77.34375,200
"ennisja01",78.515625,210
"ennisty01",74.21875,194
"erdense01",83.203125,240
"eubandr01",81.25,245
"evansja01",71.484375,185
"evansja02",77.34375,210
"evansje01",80.46875,200
"evansma01",76.5625,220
"evansre01",79.296875,245
"evansty01",77.34375,220
"ewingda01",74.21875,185
"ewingpa02",79.296875,235
"exumda01",77.34375,190
"eyengch01",76.5625,210
"ezelife01",82.421875,255
"farieke01",79.296875,220
"farmajo01",73.4375,180
"farmede01",76.5625,220
"favervi01",82.421875,260
"favorde01",81.25,265
"fazekni01",82.421875,235
"feldeka01",68.359375,176
"feliccr01",81.25,265
"felixca01",77.34375,201
"felixno01",80.46875,225
"feltora01",72.265625,205
"fergute01",78.515625,190
"fernaru01",77.34375,185
"ferreyo01",71.484375,180
"fesenky01",84.375,288
"fieldla01",78.515625,210
"finlemi01",78.515625,215
"finnedo01",79.296875,220
"fishede01",72.265625,200
"fitchge01",74.21875,188
"fizerma01",80.46875,262
"florelu01",73.4375,200
"flynnjo01",71.484375,185
"footeje01",83.203125,265
"forbebr01",74.21875,190
"forbega01",78.515625,220
"fordsh02",80.46875,225
"fordtj01",71.484375,165
"fortsco01",70.3125,185
"fortsda01",78.515625,260
"fosteje01",82.421875,236
"fournev01",78.515625,205
"fowlktr01",79.296875,220
"foxde01",74.21875,175
"foyera01",75.390625,213
"foylead01",81.25,250
"frahmri01",76.5625,210
"francst01",74.21875,195
"frankja01",76.5625,191
"frazime01",77.34375,200
"fraziti01",72.265625,170
"fredeji01",73.4375,195
"freeljo01",81.25,250
"freijma01",81.25,240
"fryech01",83.203125,255
"fultzma01",75.390625,200
"fundela01",80.46875,230
"gadzuda01",82.421875,240
"gaide01",80.46875,250
"gainere01",77.34375,205
"gainesu01",72.265625,185
"gallida01",81.25,225
"gallola01",73.4375,200
"garbajo01",80.46875,245
"garcial01",74.21875,220
"garcifr01",78.515625,195
"gardnth01",76.5625,225
"garinpa01",77.34375,210
"garneke01",82.421875,240
"garrebi01",77.34375,213
"garredi02",75.390625,190
"garripa01",80.46875,238
"gasolma01",84.375,255
"gasolpa01",83.203125,250
"gayru01",79.296875,230
"gbinimi01",78.515625,200
"geeal01",77.34375,225
"gelabmi01",78.515625,215
"georgde01",79.296875,220
"georgma01",76.5625,216
"georgpa01",80.46875,220
"gibsoda01",73.4375,190
"gibsojo01",73.4375,185
"gibsota01",80.46875,232
"giddejr01",76.5625,215
"gildetr01",80.46875,185
"gilesha01",81.25,240
"gilgesh01",77.34375,181
"gilled01",71.484375,190
"gillke01",76.5625,195
"ginobma01",77.34375,205
"giricgo01",77.34375,210
"gladnmi01",82.421875,220
"glovedi01",76.5625,228
"glynian01",84.375,280
"goberru01",84.375,245
"goldwan01",72.265625,182
"gomesry01",78.515625,250
"goodedr01",81.25,250
"goodwar01",76.5625,200
"goodwbr01",73.4375,180
"gordoaa01",80.46875,220
"gordobe01",74.21875,200
"gordodr01",80.46875,245
"gordoer01",75.390625,215
"gortama01",82.421875,240
"goudean01",74.21875,200
"grahade01",73.4375,185
"grahajo01",78.515625,225
"grahast01",77.34375,215
"grahatr01",76.5625,225
"grangda01",80.46875,222
"grantbr01",80.46875,254
"grantdo01",79.296875,215
"grantje01",80.46875,220
"grantje02",75.390625,205
"grayaa01",83.203125,270
"grayjo01",72.265625,180
"greenda02",77.34375,215
"greende01",78.515625,210
"greendo01",82.421875,226
"greendr01",78.515625,230
"greener01",75.390625,185
"greenge01",78.515625,205
"greenja01",80.46875,227
"greenje02",80.46875,235
"greenor01",75.390625,208
"greenta01",71.484375,177
"greenwi01",75.390625,200
"greerly01",73.4375,175
"griffad01",76.5625,217
"griffbl01",81.25,250
"griffed01",81.25,220
"griffta01",78.515625,238
"grundan01",74.21875,180
"guglito01",81.25,240
"gutiejo01",74.21875,191
"haddaha01",85.15625,254
"hairsma01",77.34375,220
"hairspj02",77.34375,230
"haislma01",81.25,230
"hallmi01",79.296875,230
"hamda01",78.515625,220
"hamilda02",78.515625,195
"hamiljo02",78.515625,220
"hamilju01",83.203125,260
"hamilri01",77.34375,185
"hamilze01",82.421875,250
"hammoaj01",83.203125,260
"handlbe01",81.25,240
"hannadu01",74.21875,210
"hansbbe01",74.21875,203
"hansbty01",80.46875,250
"haranlu01",79.296875,246
"hardaan01",78.515625,195
"hardati02",77.34375,205
"hardeja01",76.5625,220
"harklma01",80.46875,220
"harpeju01",81.25,225
"harprma01",78.515625,231
"harrejo01",81.25,275
"harremo01",79.296875,240
"harriaa01",77.34375,210
"harrial01",80.46875,230
"harrian01",77.34375,213
"harrida01",83.203125,280
"harride01",74.21875,185
"harriel01",79.296875,239
"harriga01",75.390625,210
"harrijo01",77.34375,218
"harriju01",75.390625,180
"harrilu01",76.5625,190
"harrima01",76.5625,185
"harrimi01",77.34375,240
"harriot01",80.46875,235
"harrish01",75.390625,190
"harrite01",76.5625,190
"harrito02",80.46875,235
"harteis01",83.203125,249
"hartja01",74.21875,185
"hartjo01",76.5625,215
"harvedo01",79.296875,220
"hasleud01",79.296875,235
"hassetr01",76.5625,200
"hawessp01",84.375,245
"hayesch01",77.34375,240
"hayesja01",78.515625,220
"hayesni01",79.296875,254
"haywago01",79.296875,225
"haywala01",77.34375,225
"haywobr01",83.203125,268
"headlu01",74.21875,185
"hearnre01",76.5625,210
"hendeal01",80.46875,235
"hendege02",76.5625,215
"henrymy01",77.34375,210
"henryxa01",77.34375,220
"hensojo01",82.421875,219
"hernaju01",80.46875,230
"hernawi01",82.421875,240
"herrmwa01",80.46875,225
"hezonma01",79.296875,225
"hibbero01",85.15625,270
"hicksis01",80.46875,230
"hicksjj01",80.46875,242
"hieldbu01",75.390625,214
"higgico01",76.5625,180
"highsha01",78.515625,220
"hilarne01",82.421875,250
"hillge01",74.21875,188
"hillgr01",79.296875,225
"hillida01",77.34375,205
"hilljo01",81.25,235
"hillso01",78.515625,225
"hillst01",83.203125,248
"hinriki01",75.390625,190
"hitero01",73.4375,184
"hobsoda01",78.515625,210
"hodgeju01",78.515625,210
"hoibefr01",75.390625,203
"holcora01",80.46875,225
"holidaa01",72.265625,185
"holidjr01",75.390625,205
"holidju01",77.34375,181
"hollajo02",76.5625,205
"holliro01",78.515625,217
"holliry01",83.203125,240
"holmeri01",81.25,235
"honeyty01",79.296875,188
"hoodro01",79.296875,206
"hopsosc01",78.515625,204
"horfoal01",81.25,245
"hornede01",80.46875,230
"horryro01",80.46875,220
"houseda01",78.515625,220
"houseed01",72.265625,180
"houstal01",77.34375,200
"howardw01",82.421875,265
"howarjo01",78.515625,210
"howarju01",80.46875,240
"hudsole01",74.21875,190
"hudsotr01",72.265625,170
"huertke01",78.515625,190
"huertma01",74.21875,200
"huestjo01",78.515625,230
"hughela01",76.5625,184
"hummero01",79.296875,215
"humphis01",83.203125,255
"humphkr01",80.46875,235
"humphry01",79.296875,235
"huntebr01",78.515625,260
"huntech01",82.421875,240
"hunteli01",73.4375,170
"hunteot01",79.296875,225
"hunterj01",76.5625,185
"huntest01",83.203125,220
"huntevi01",79.296875,208
"hutchch01",78.515625,197
"ibakase01",81.25,235
"iguodan01",77.34375,215
"ilgauzy01",86.328125,238
"ilicmi01",84.375,230
"ilyaser01",81.25,235
"inglejo01",79.296875,226
"inglida01",79.296875,246
"ingraan01",74.21875,190
"ingrabr01",80.46875,190
"irvinky01",74.21875,193
"isaacjo01",81.25,210
"iversal01",71.484375,165
"iveyro01",74.21875,200
"iwundwe01",78.515625,195
"jackja01",74.21875,200
"jacksaa01",75.390625,185
"jacksbo01",72.265625,185
"jacksce01",74.21875,191
"jacksda01",80.46875,253
"jacksde01",72.265625,201
"jacksfr01",74.21875,205
"jacksja02",82.421875,242
"jacksje01",75.390625,204
"jacksji01",77.34375,220
"jacksjo02",79.296875,200
"jacksju01",79.296875,210
"jackslu02",78.515625,215
"jacksma02",81.25,270
"jackspi01",69.53125,180
"jacksre01",74.21875,208
"jacksst02",79.296875,218
"jacobca01",77.34375,215
"jamesbe01",81.25,240
"jamesda01",78.515625,225
"jamesje01",83.203125,300
"jamesle01",79.296875,250
"jamesmi01",73.4375,188
"jamesmi02",72.265625,189
"jamisan01",79.296875,223
"jaricma01",78.515625,198
"jasiksa01",75.390625,195
"jawaina01",81.25,280
"jeffeal01",81.25,289
"jeffeam01",80.46875,222
"jeffeco01",80.46875,218
"jeffedo01",76.5625,195
"jeffeot01",76.5625,200
"jefferi01",78.515625,233
"jeffrja01",82.421875,230
"jenkich01",74.21875,220
"jenkiho01",72.265625,180
"jenkijo01",75.390625,215
"jennibr01",72.265625,170
"jerebjo01",81.25,231
"jerregr01",81.25,235
"jetereu01",70.3125,175
"jianlyi01",83.203125,240
"johnsal01",80.46875,240
"johnsal02",80.46875,212
"johnsam01",80.46875,240
"johnsan02",74.21875,190
"johnsar02",74.21875,195
"johnsbj01",78.515625,200
"johnsbr01",81.25,210
"johnsbr02",81.25,230
"johnsca01",69.53125,180
"johnsch03",82.421875,210
"johnsch04",77.34375,206
"johnsda03",73.4375,215
"johnsda04",83.203125,255
"johnsde03",80.46875,201
"johnser02",82.421875,245
"johnsiv01",79.296875,230
"johnsja01",79.296875,240
"johnsja02",81.25,221
"johnsjo02",78.515625,240
"johnsli01",79.296875,205
"johnsni01",74.21875,202
"johnsom01",80.46875,220
"johnsor01",76.5625,220
"johnsst04",78.515625,245
"johnstr01",76.5625,218
"johnsty01",75.390625,190
"johnswe01",78.515625,215
"jokicni01",83.203125,250
"jonesbo02",78.515625,215
"jonesda01",74.21875,185
"jonesda02",77.34375,225
"jonesda03",83.203125,245
"jonesde01",79.296875,221
"jonesde02",78.515625,200
"jonesdo02",75.390625,215
"jonesdw02",82.421875,250
"jonesed02",77.34375,190
"jonesfr01",75.390625,210
"jonesja02",79.296875,218
"jonesja04",78.515625,220
"jonesje01",76.5625,174
"jonesju01",79.296875,218
"joneske01",79.296875,251
"jonesma03",77.34375,215
"jonespe01",82.421875,235
"jonesso01",81.25,230
"joneste01",80.46875,252
"jonesty01",73.4375,196
"jordade01",82.421875,265
"jordaje01",83.203125,253
"josepco01",74.21875,193
"josepkr01",78.515625,210
"kamanch01",83.203125,265
"kaminfr01",83.203125,242
"kanteen01",82.421875,250
"kaponja01",79.296875,213
"karasse01",78.515625,208
"karlco01",76.5625,215
"kasunma01",84.375,260
"kaunsa01",82.421875,260
"kellyry01",82.421875,230
"kennalu01",76.5625,206
"kennedj01",77.34375,215
"khryavi01",80.46875,210
"kiddgmi01",78.515625,232
"kiddja01",75.390625,205
"kilpase01",75.390625,210
"kingge03",77.34375,225
"kinseta01",77.34375,185
"kirilan01",80.46875,220
"kirkal01",83.203125,245
"kittlke01",76.5625,179
"klebima01",82.421875,240
"kleizli01",79.296875,245
"knighbr01",69.53125,173
"knighbr02",71.484375,180
"knighbr03",74.21875,195
"knoxke01",80.46875,215
"korkmfu01",78.515625,190
"kornelu01",84.375,250
"korolya01",80.46875,203
"korveky01",78.515625,212
"koufoko01",83.203125,245
"kravtvi01",83.203125,260
"krstine01",83.203125,240
"kukocto01",81.25,192
"kurucro01",80.46875,210
"kurzro01",80.46875,232
"kutluib01",77.34375,200
"kuzmaky01",80.46875,220
"kuzmimi01",80.46875,215
"kuzmiog01",84.375,251
"labissk01",82.421875,235
"laettch01",82.421875,235
"lafayol01",73.4375,190
"lafrera01",82.421875,240
"lambdo01",75.390625,210
"lambje01",76.5625,185
"lampema01",82.421875,275
"landrca01",80.46875,248
"landrma01",78.515625,230
"langfke01",75.390625,215
"langja01",81.25,285
"laproni01",75.390625,180
"larkish01",70.3125,175
"lasmest01",79.296875,215
"lauvejo01",82.421875,220
"lavinza01",76.5625,200
"lawac01",74.21875,195
"lawalga01",80.46875,234
"lawsoty01",70.3125,195
"laymaja01",80.46875,215
"leaftj01",81.25,225
"ledori01",78.515625,195
"leeco01",76.5625,215
"leeda02",80.46875,245
"leeda03",77.34375,210
"leema01",76.5625,200
"lemonwa01",74.21875,180
"lenal01",84.375,250
"lenarvo01",75.390625,205
"leonaka01",78.515625,230
"leoname01",84.375,255
"leslitr01",75.390625,205
"leuerjo01",81.25,228
"leverca01",78.515625,204
"lewisra02",81.25,215
"liggide01",77.34375,209
"lillada01",74.21875,195
"linje01",74.21875,200
"livinra01",75.390625,209
"livinsh01",78.515625,192
"loftoza01",75.390625,180
"longsh01",80.46875,255
"looneke01",80.46875,220
"lopezbr01",83.203125,270
"lopezra01",72.265625,170
"lopezro01",83.203125,275
"loveke01",81.25,251
"lowryky01",72.265625,196
"loydjo01",75.390625,210
"lucasjo02",70.3125,166
"lucaska01",72.265625,195
"luety01",71.484375,175
"luwawti01",77.34375,210
"lydonty01",81.25,225
"lylestr01",81.25,234
"lynchge01",79.296875,218
"machasc01",72.265625,205
"macijar01",75.390625,214
"macklve01",81.25,227
"macksh01",74.21875,203
"maconda01",74.21875,185
"macurjp01",76.5625,205
"madsema01",80.46875,240
"magetjo01",72.265625,160
"maggeco01",77.34375,218
"magloja01",82.421875,259
"mahinia01",82.421875,262
"majorre01",78.515625,200
"makerth01",84.375,221
"marblde01",77.34375,200
"marbust01",73.4375,180
"mariosh01",78.515625,220
"marjabo01",86.328125,290
"markkla01",83.203125,240
"markoda01",81.25,225
"marksse01",81.25,250
"marshdo01",80.46875,218
"marshke01",75.390625,200
"marshra01",80.46875,190
"martica01",78.515625,220
"martida01",70.3125,170
"martija01",81.25,239
"martike01",80.46875,234
"martike02",78.515625,199
"masonde01",78.515625,224
"masonfr01",70.3125,190
"masonro01",76.5625,200
"masseto01",80.46875,220
"matenya01",79.296875,240
"mathima01",81.25,230
"matthwe02",76.5625,220
"maxieja01",78.515625,260
"maynoer01",74.21875,175
"mayooj01",76.5625,210
"mayse01",80.46875,266
"mbahalu01",79.296875,230
"mbengdj01",83.203125,245
"mcadoja01",80.46875,230
"mccalra01",74.21875,190
"mccalta01",76.5625,195
"mccanra01",75.390625,207
"mccarwa01",81.25,230
"mccawpa01",78.515625,185
"mcclesh01",76.5625,200
"mccolcj01",74.21875,190
"mccontj01",73.4375,190
"mccoyje01",81.25,245
"mccrach01",76.5625,192
"mccreer01",79.296875,225
"mcculch01",82.421875,200
"mcdankj01",77.34375,205
"mcderdo01",79.296875,225
"mcdyean01",80.46875,220
"mcfariv01",79.296875,240
"mcgarmi01",81.25,255
"mcgeeja01",83.203125,270
"mcgratr01",79.296875,210
"mcgruro01",75.390625,200
"mcguido01",80.46875,220
"mcinnje01",75.390625,190
"mckieaa01",76.5625,209
"mckinal01",79.296875,215
"mckintr01",76.5625,214
"mclembe01",76.5625,201
"mcleoke01",73.4375,188
"mcneaje01",74.21875,200
"mcraejo01",76.5625,179
"mcrobjo01",81.25,240
"medvest01",81.25,250
"meeksjo01",75.390625,210
"mejrisa01",85.15625,235
"mekelga01",74.21875,191
"melofa01",83.203125,255
"meltode01",75.390625,200
"mensapo01",80.46875,240
"mercero01",78.515625,210
"metuch01",81.25,225
"mickejo01",79.296875,235
"middlkh01",79.296875,222
"mihmch01",83.203125,265
"milesaa01",72.265625,175
"milescj01",77.34375,220
"milesda01",80.46875,210
"milicda01",83.203125,250
"millean01",80.46875,225
"millean02",74.21875,200
"millebr01",82.421875,244
"milleda01",79.296875,225
"millema01",78.515625,210
"millemi01",79.296875,218
"millequ01",80.46875,210
"millere01",78.515625,185
"millsel01",77.34375,225
"millspa01",79.296875,246
"millspa02",71.484375,180
"miltosh01",77.34375,207
"mingya01",89.453125,310
"mirotni01",81.25,250
"mitchdo01",74.21875,215
"mitchto02",79.296875,235
"mitchto03",77.34375,216
"mitrona01",75.390625,218
"moblecu01",75.390625,190
"mohamna01",81.25,221
"moisoje01",81.25,235
"moniase01",79.296875,220
"monkma01",74.21875,200
"monrogr01",82.421875,265
"montelu01",78.515625,185
"moonja01",79.296875,205
"moorebe01",79.296875,220
"mooreet01",75.390625,191
"mooremi01",82.421875,225
"moreler01",81.25,238
"morriad01",79.296875,205
"morrida01",75.390625,190
"morrija01",76.5625,185
"morrima02",81.25,245
"morrima03",80.46875,235
"morrimo01",74.21875,175
"morrira01",81.25,266
"morrite01",80.46875,221
"morroan01",76.5625,210
"motiedo01",83.203125,222
"motlejo01",81.25,230
"moultar01",82.421875,249
"mournal01",81.25,240
"mozgoti01",84.375,275
"mudiaem01",76.5625,200
"muhamsh01",77.34375,223
"mulleby01",83.203125,275
"munfoxa02",73.4375,180
"murpher01",81.25,230
"murphke01",76.5625,185
"murphtr01",82.421875,245
"murrade01",76.5625,170
"murraja01",75.390625,207
"murrala01",78.515625,236
"murraro01",75.390625,190
"murryto01",76.5625,195
"musadz01",80.46875,208
"muscami01",82.421875,240
"mutomdi01",85.15625,245
"mykhasv01",79.296875,205
"nachbbo01",80.46875,221
"naderab01",77.34375,225
"nailole01",80.46875,238
"najered01",79.296875,240
"nancela02",80.46875,230
"napiesh01",72.265625,180
"nashst01",74.21875,195
"navarju01",74.21875,170
"ndiayha01",83.203125,235
"ndiayma02",83.203125,255
"ndongbo01",83.203125,198
"ndourma01",80.46875,200
"nealga01",75.390625,210
"nedovne01",74.21875,192
"nelsode01",75.390625,200
"nelsoja01",71.484375,190
"nestera01",83.203125,248
"netora01",72.265625,179
"newblir01",78.515625,220
"niangge01",79.296875,230
"nichoan01",80.46875,250
"nichode01",79.296875,216
"noahjo01",82.421875,230
"nocioan01",78.515625,225
"noelda01",77.34375,230
"noelne01",82.421875,220
"noguelu01",83.203125,241
"norrimo01",72.265625,175
"novakst01",81.25,225
"nowitdi01",83.203125,245
"ntilila01",77.34375,200
"nunnaja01",78.515625,208
"nurkiju01",83.203125,275
"nwabada01",75.390625,219
"obertfa01",81.25,245
"obriejj01",78.515625,228
"obryajo01",80.46875,257
"obryapa01",83.203125,260
"ochefda01",82.421875,245
"odengr01",83.203125,250
"odomla01",81.25,220
"ohlbrti01",82.421875,255
"ojelese01",78.515625,241
"okafoem01",81.25,252
"okafoja01",82.421875,275
"okoboel01",74.21875,190
"okogijo01",75.390625,212
"okurme01",82.421875,249
"oladivi01",75.390625,210
"ollieke01",75.390625,195
"olowomi01",83.203125,269
"olynyke01",83.203125,240
"onealje01",82.421875,226
"onealro01",77.34375,226
"onealsh01",84.375,325
"onuakar01",80.46875,255
"onuakch01",81.25,245
"oquinky01",81.25,250
"ortonda01",81.25,255
"osmande01",79.296875,215
"ostergr01",85.15625,280
"oubreke01",78.515625,205
"outlabo01",79.296875,210
"outlatr01",80.46875,210
"owensan01",75.390625,200
"owensla01",78.515625,210
"pachuza01",82.421875,270
"padgesc01",80.46875,240
"paigema01",72.265625,175
"palacmi01",74.21875,195
"papagge01",84.375,240
"papanko01",79.296875,225
"pargoja01",72.265625,175
"pargoje01",73.4375,219
"parkean01",77.34375,215
"parkeja01",79.296875,245
"parkesm01",75.390625,190
"parketo01",73.4375,185
"parsoch01",81.25,230
"pattela01",76.5625,225
"pattepa01",80.46875,230
"patteru01",76.5625,224
"pattoju01",83.203125,241
"paulbr01",75.390625,200
"paulch01",71.484375,175
"pavloal01",79.296875,220
"paynead01",81.25,237
"payneca01",74.21875,190
"paytoel01",75.390625,185
"paytoga01",75.390625,180
"paytoga02",74.21875,190
"pecheol01",83.203125,232
"peelean01",75.390625,208
"pekovni01",82.421875,307
"pendeje02",80.46875,240
"penneki01",76.5625,220
"perkike01",81.25,270
"perovko01",85.15625,240
"perralo01",73.4375,200
"persowe01",77.34375,195
"peteral01",80.46875,232
"petermo01",78.515625,218
"petrojo01",83.203125,247
"piatker01",78.515625,215
"piercpa01",78.515625,235
"pietrmi01",77.34375,215
"pinknke01",81.25,245
"pinsoth01",77.34375,218
"pittmde01",82.421875,308
"planizo01",78.515625,195
"pleisti01",86.328125,256
"plumlma01",82.421875,235
"plumlma02",83.203125,250
"plumlmi01",82.421875,249
"podkopa01",88.28125,260
"poeltja01",83.203125,230
"pollasc01",82.421875,265
"pondequ01",78.515625,230
"popema01",81.25,235
"porteot01",79.296875,198
"portibo01",82.421875,250
"porzikr01",86.328125,240
"poseyja01",79.296875,215
"potapvi01",81.25,280
"poweldw01",82.421875,240
"powele01",79.296875,240
"poweljo01",80.46875,225
"powelka01",78.515625,215
"powelno01",75.390625,215
"powelro01",77.34375,235
"poythal01",80.46875,235
"pressph01",70.3125,175
"priceaj01",73.4375,181
"pricero01",73.4375,190
"prigipa01",74.21875,185
"princta01",80.46875,212
"princta02",79.296875,220
"profila01",76.5625,204
"pruitga01",75.390625,170
"przybjo01",84.375,255
"pulleja01",72.265625,200
"purviro01",75.390625,205
"qizh01",84.375,210
"quartti01",77.34375,195
"quinnch01",73.4375,185
"rabbiv01",81.25,220
"radmavl01",81.25,227
"radojal01",86.328125,250
"radulmi01",83.203125,250
"ramospe01",86.328125,275
"randlch01",73.4375,185
"randlju01",80.46875,250
"randoan01",81.25,205
"randosh01",81.25,240
"randoza01",80.46875,250
"rathaxa01",75.390625,208
"ratlith01",81.25,225
"rautian01",75.390625,190
"rayal01",73.4375,190
"rebraze01",83.203125,257
"reddmi01",77.34375,220
"redicjj01",75.390625,200
"reedda01",76.5625,208
"reedju01",79.296875,240
"reedwi02",81.25,220
"reidry01",79.296875,232
"reineja01",82.421875,255
"reynoca01",79.296875,225
"ricegl02",77.34375,206
"richach01",80.46875,270
"richaja01",77.34375,220
"richaje01",77.34375,185
"richajo01",77.34375,200
"richama01",77.34375,205
"richaqu01",77.34375,223
"ridnolu01",73.4375,175
"riverau01",75.390625,200
"roberan02",73.4375,180
"roberan03",78.515625,210
"roberbr01",72.265625,173
"roberla01",80.46875,240
"robinbe01",77.34375,210
"robincl02",81.25,225
"robinde01",79.296875,200
"robindu01",79.296875,210
"robingl01",78.515625,225
"robingl02",77.34375,222
"robinje01",76.5625,190
"robinmi01",84.375,240
"robinna01",68.359375,180
"robinth01",81.25,237
"rodrise01",74.21875,176
"rogerro01",78.515625,235
"rondora01",72.265625,186
"rosede01",74.21875,200
"roseja01",79.296875,210
"rosema01",78.515625,250
"rossqu01",77.34375,195
"rosste01",78.515625,206
"roybr01",77.34375,215
"roziete01",72.265625,190
"rubiori01",75.390625,190
"rudezda01",81.25,228
"ruffimi01",80.46875,246
"rushbr01",77.34375,220
"rushka01",77.34375,215
"russebr01",78.515625,225
"russeda01",76.5625,198
"russewa02",71.484375,170
"sabondo01",82.421875,240
"sacrero01",83.203125,270
"salmojo01",78.515625,210
"sambch01",84.375,245
"sampsbr01",76.5625,184
"sampsja01",82.421875,235
"sampsja02",80.46875,214
"samuesa01",80.46875,260
"sandela01",82.421875,235
"sandeme01",76.5625,210
"santida01",84.375,256
"saricda01",81.25,223
"satorto01",78.515625,210
"scalabr01",80.46875,241
"scaleal01",75.390625,185
"schenlu01",84.375,255
"schrode01",72.265625,172
"scolalu01",80.46875,240
"scottmi01",79.296875,237
"sefolth01",78.515625,220
"selbyjo01",73.4375,183
"seldewa01",76.5625,230
"senesa01",82.421875,230
"serapke01",80.46875,285
"sesayan01",80.46875,225
"sessira01",74.21875,190
"seungha01",86.328125,305
"sextoco01",73.4375,190
"shakumu01",74.21875,190
"shamela01",76.5625,188
"sharpwa01",80.46875,245
"shengto01",80.46875,217
"shirlpa01",81.25,230
"shumpim01",76.5625,215
"shvedal01",77.34375,190
"siakapa01",80.46875,230
"siberjo01",75.390625,187
"silasxa01",76.5625,205
"silerga01",82.421875,305
"simiewa01",80.46875,255
"simmobe01",81.25,230
"simmobo01",78.515625,210
"simmoce01",80.46875,235
"simmojo02",77.34375,195
"simmoko01",76.5625,166
"simonan01",75.390625,185
"simsco01",81.25,245
"simshe01",81.25,248
"singlch01",79.296875,230
"singlja01",79.296875,216
"singlky01",79.296875,228
"singlse01",71.484375,185
"sivape01",71.484375,185
"skinnbr01",80.46875,255
"slayta01",79.296875,215
"sloando01",74.21875,205
"slokaur01",81.25,238
"smartma01",75.390625,220
"smithch04",75.390625,194
"smithch05",73.4375,200
"smithcr01",78.515625,250
"smithde03",74.21875,195
"smithdo04",78.515625,215
"smithgr02",81.25,250
"smithis01",71.484375,175
"smithja01",82.421875,250
"smithja02",83.203125,240
"smithje01",73.4375,190
"smithjo02",81.25,225
"smithjo03",80.46875,225
"smithjr01",77.34375,225
"smithno01",73.4375,185
"smithru01",71.484375,165
"smithst01",78.515625,200
"smithst03",79.296875,235
"smithth01",79.296875,225
"smithzh01",75.390625,199
"snellto01",78.515625,213
"snower01",74.21875,190
"snydeki01",77.34375,225
"solomwi01",72.265625,185
"songada01",80.46875,248
"southja01",79.296875,215
"sowpa01",81.25,250
"spaldra01",81.25,215
"spanova01",75.390625,195
"speigma01",81.25,255
"spellom01",80.46875,245
"splitti01",82.421875,245
"sprewla01",76.5625,190
"stackje01",77.34375,218
"stausni01",77.34375,205
"stephal01",81.25,270
"stephdj01",76.5625,188
"stephla01",77.34375,230
"stevede01",76.5625,210
"stewami01",81.25,230
"stiemgr01",82.421875,260
"stockda01",70.3125,165
"stojape01",80.46875,220
"stokeja01",80.46875,263
"stonedi01",82.421875,255
"stoneju01",77.34375,200
"storeaw01",77.34375,222
"stoudam01",81.25,245
"stoudda01",69.53125,171
"stoudsa01",72.265625,179
"strawdj01",76.5625,201
"stricer01",74.21875,210
"stricro02",74.21875,175
"stuckro01",76.5625,210
"sullija01",80.46875,260
"summeda01",79.296875,230
"sumneed01",77.34375,176
"sundobr01",85.15625,220
"surabo01",76.5625,200
"swanica01",80.46875,250
"sweetmi01",79.296875,275
"swiftro01",83.203125,245
"swiftst01",80.46875,225
"sypa01",78.515625,225
"szczewa02",78.515625,244
"tabusyu01",68.359375,165
"taftch01",81.25,260
"tatumja01",79.296875,208
"tavarwa01",86.328125,260
"taylodo01",77.34375,180
"taylois01",74.21875,170
"tayloje02",75.390625,210
"tayloje03",78.515625,225
"tayloma01",80.46875,260
"taylomi01",73.4375,165
"tayloty01",74.21875,185
"teaguje01",73.4375,195
"teaguma01",73.4375,189
"teletmi01",80.46875,242
"telfase01",71.484375,165
"templga01",77.34375,195
"teodomi01",76.5625,196
"terreja01",74.21875,227
"terryem01",80.46875,220
"terryja01",73.4375,185
"thabeha01",86.328125,263
"theisda01",79.296875,243
"thomaad01",78.515625,200
"thomabi01",75.390625,208
"thomaet01",80.46875,256
"thomais02",68.359375,185
"thomaja02",79.296875,235
"thomajo02",80.46875,265
"thomake01",78.515625,261
"thomakh01",74.21875,210
"thomaku01",80.46875,230
"thomala01",79.296875,240
"thomama01",80.46875,225
"thomati01",81.25,230
"thomaty01",80.46875,215
"thompdi01",78.515625,195
"thompho01",79.296875,206
"thompja02",82.421875,250
"thompkl01",78.515625,215
"thompmy02",77.34375,211
"thomptr01",81.25,238
"thomptr02",81.25,245
"thornal01",79.296875,220
"thornma01",75.390625,205
"thornsi01",76.5625,215
"tinslja01",74.21875,195
"tobeymi01",83.203125,260
"tollian01",79.296875,250
"toupaax01",78.515625,197
"townska01",83.203125,248
"traylro01",79.296875,284
"trentga02",77.34375,205
"trieral01",76.5625,200
"tsakaja01",85.15625,285
"tskitni01",83.203125,225
"tuckeal02",77.34375,205
"tuckepj01",77.34375,245
"turiaro01",81.25,249
"turkohe01",81.25,220
"turneev01",78.515625,220
"turnemy01",82.421875,250
"tylerje01",81.25,260
"ubileed01",77.34375,204
"udohek01",81.25,245
"udokaim01",77.34375,215
"udrihbe01",74.21875,205
"ukicro01",76.5625,183
"ulisty01",69.53125,160
"uthofja01",80.46875,221
"uzohbe01",74.21875,205
"valanjo01",83.203125,265
"valende01",77.34375,210
"vandeja01",80.46875,214
"vanexni01",72.265625,170
"vanhoke01",81.25,220
"vanvlfr01",71.484375,195
"varejan01",81.25,273
"varnaja01",80.46875,230
"vasqugr01",77.34375,217
"vaughja01",72.265625,190
"vaughra01",77.34375,202
"veselja01",82.421875,240
"villach01",82.421875,232
"vincima01",79.296875,225
"vonleno01",80.46875,250
"voskuja01",82.421875,245
"vromaja01",81.25,220
"vucevni01",83.203125,260
"vujacsa01",78.515625,195
"wadedw01",75.390625,220
"wafervo01",76.5625,210
"wagneda02",73.4375,200
"wagnemo01",82.421875,245
"waitedi01",75.390625,215
"walkean02",79.296875,224
"walkebi01",77.34375,220
"walkeke02",72.265625,184
"walkelo01",76.5625,205
"walkesa01",80.46875,240
"wallabe01",80.46875,240
"wallage01",78.515625,215
"wallara01",81.25,225
"wallaty01",76.5625,198
"walljo01",75.390625,210
"walshma01",77.34375,205
"waltode01",72.265625,189
"waltolu01",79.296875,235
"wanambr01",75.390625,210
"wardch01",73.4375,190
"wareca01",69.53125,175
"warneja01",79.296875,260
"warretj01",79.296875,215
"warrewi01",75.390625,203
"warriha01",80.46875,219
"washbju01",79.296875,210
"washida01",73.4375,195
"watanyu01",80.46875,205
"watkida01",82.421875,258
"watsocj01",73.4375,175
"watsoea01",72.265625,195
"waynsma01",73.4375,200
"wearda01",81.25,230
"weartr01",81.25,230
"weathcl01",77.34375,240
"weaveky01",77.34375,201
"webbech01",80.46875,245
"webbja01",80.46875,202
"weberbr01",73.4375,165
"webstma02",78.515625,230
"weemsso01",77.34375,205
"wellsbo01",76.5625,210
"welscji01",78.515625,208
"welshth01",83.203125,255
"wesleda01",71.484375,190
"westbru01",74.21875,200
"westda01",80.46875,250
"westde01",75.390625,180
"westma02",76.5625,210
"whalero01",81.25,260
"whitean01",78.515625,210
"whitede01",75.390625,190
"whitedj01",80.46875,251
"whiteha01",83.203125,265
"whiteis01",75.390625,213
"whiteja01",80.46875,290
"whiteja02",78.515625,200
"whiteok01",79.296875,205
"whitero02",80.46875,238
"whitero03",79.296875,270
"whittsh01",82.421875,250
"wiggian01",79.296875,194
"wilcoch01",81.25,221
"wilcocj01",76.5625,195
"wileyja01",78.515625,215
"wilkida02",77.34375,225
"wilksmi01",69.53125,185
"williaa01",80.46875,220
"willial02",76.5625,185
"willial03",79.296875,265
"willicj01",76.5625,226
"willico02",78.515625,245
"willide01",74.21875,200
"willide02",79.296875,240
"williel01",76.5625,190
"willier01",79.296875,220
"willifr02",74.21875,212
"willija02",72.265625,190
"willija04",80.46875,218
"willije01",80.46875,206
"willijo03",81.25,260
"willijo04",80.46875,228
"williju01",81.25,225
"willike02",83.203125,220
"willike04",78.515625,210
"willilo02",72.265625,175
"willima01",72.265625,198
"willima02",80.46875,237
"willima03",74.21875,205
"willima04",78.515625,205
"willima05",76.5625,210
"willire02",77.34375,205
"williro04",81.25,240
"willisc01",81.25,230
"willise01",81.25,235
"willish01",72.265625,201
"willish02",80.46875,250
"willish03",80.46875,225
"willite01",77.34375,220
"willitr02",78.515625,218
"wilsodj01",81.25,231
"wilsoja02",78.515625,230
"wiltjky01",81.25,240
"winslju01",78.515625,225
"witheje01",83.203125,231
"woltena01",75.390625,190
"woodch01",81.25,214
"woodslo01",84.375,245
"woodsqy01",79.296875,221
"wrighan01",78.515625,210
"wrighbr02",74.21875,210
"wrighbr03",81.25,210
"wrighch01",79.296875,226
"wrighch02",72.265625,210
"wrighde01",76.5625,183
"wrighdo01",80.46875,205
"wrighju01",79.296875,225
"wrighlo02",82.421875,225
"wroteto01",77.34375,205
"yabusgu01",79.296875,260
"youngja01",77.34375,215
"youngjo01",73.4375,180
"youngni01",78.515625,210
"youngsa01",77.34375,220
"youngth01",79.296875,221
"youngtr01",73.4375,180
"yuesu01",80.46875,205
"zelleco01",83.203125,240
"zellelu01",82.421875,245
"zellety01",83.203125,253
"zhizhwa01",83.203125,255
"zimmede01",74.21875,195
"zimmest01",83.203125,240
"zipsepa01",79.296875,215
"zizican01",82.421875,254
"zubaciv01",84.375,240
